compound_id,molecular_weight,logP,tpsa,hbd,hba,rotatable_bonds,aromatic_rings,logS,dose_mg,particle_size_um,ph_stability,formulation_type
NEW-0001,260.58,3.85,48.79,2,2,3,2,-5.32,5,27.59,7.79,tablet
NEW-0002,489.71,2.63,94.87,0,7,2,1,-5.5,10,50.52,8.43,suspension
NEW-0003,411.13,2.02,100.14,1,5,3,1,-3.24,400,85.64,7.78,tablet
NEW-0004,214.31,4.17,40.02,1,3,4,1,-5.99,50,57.66,6.36,capsule
NEW-0005,316.35,4.77,91.62,1,1,4,0,-7.59,50,13.56,5.5,capsule
NEW-0006,561.66,4.91,10.0,1,2,1,1,-4.23,25,30.18,7.97,tablet
NEW-0007,120.0,0.72,67.91,2,7,2,1,-5.33,200,36.98,7.46,solution
NEW-0008,332.82,1.54,35.3,2,4,11,2,-4.05,10,15.77,5.74,solution
NEW-0009,519.25,-0.56,46.73,3,6,1,4,-6.73,25,21.64,6.95,suspension
NEW-0010,284.66,2.07,30.34,0,4,5,1,-3.68,100,16.78,5.84,tablet
NEW-0011,305.32,3.25,94.38,1,1,4,2,-3.48,50,5.05,5.68,tablet
NEW-0012,369.58,2.26,94.39,1,4,4,3,-5.22,10,15.0,5.51,tablet
NEW-0013,544.05,5.98,50.81,0,3,6,4,-6.37,50,20.25,6.98,capsule
NEW-0014,309.72,1.77,88.15,2,3,4,1,-3.62,10,13.39,7.42,solution
NEW-0015,331.16,0.54,84.14,2,4,1,3,-1.78,25,54.03,6.03,capsule
NEW-0016,332.22,3.52,70.5,5,4,7,3,-7.23,25,14.35,6.47,tablet
NEW-0017,622.65,2.77,150.54,3,3,7,1,-3.5,100,25.31,5.97,capsule
NEW-0018,620.55,3.49,45.57,2,6,6,2,-7.42,5,22.93,5.51,tablet
NEW-0019,490.45,3.05,75.5,4,4,4,1,-2.58,100,53.94,5.7,tablet
NEW-0020,422.48,2.94,61.62,1,4,2,2,-4.45,5,19.28,3.91,suspension
NEW-0021,461.11,-1.32,61.99,1,4,9,1,-3.56,100,5.65,5.44,tablet
NEW-0022,543.98,1.19,80.58,4,3,6,2,-5.56,100,30.43,7.96,solution
NEW-0023,277.06,1.44,64.7,0,4,5,0,-1.74,400,23.67,5.96,tablet
NEW-0024,509.34,1.87,44.89,3,5,8,2,-2.23,50,11.29,8.58,solution
NEW-0025,242.07,1.69,79.35,1,4,9,1,-1.23,5,9.17,6.62,capsule
NEW-0026,309.85,3.24,116.38,3,1,8,0,-5.11,25,23.52,6.18,solution
NEW-0027,479.78,3.58,108.0,1,3,5,2,-2.33,5,97.0,6.43,tablet
NEW-0028,222.85,0.46,82.11,1,3,8,1,0.0,25,14.42,5.33,capsule
NEW-0029,364.59,3.74,49.26,1,5,5,1,-5.72,400,34.07,7.02,tablet
NEW-0030,285.21,3.55,81.53,0,8,5,2,-3.69,400,9.91,3.61,capsule
NEW-0031,351.88,3.34,112.96,2,3,8,2,-4.39,5,62.94,8.71,solution
NEW-0032,120.0,-0.05,116.69,4,5,7,1,-5.23,25,38.46,6.43,suspension
NEW-0033,185.13,3.29,87.59,3,3,7,3,-2.57,10,16.3,5.2,tablet
NEW-0034,303.01,2.65,62.25,2,2,3,3,-2.87,400,8.46,6.77,tablet
NEW-0035,482.02,4.23,67.9,3,3,4,2,-6.12,10,41.22,6.46,tablet
NEW-0036,360.9,5.71,102.02,1,8,6,5,-3.97,400,77.36,6.63,tablet
NEW-0037,380.31,5.36,99.02,2,1,9,1,-6.2,400,4.87,6.0,suspension
NEW-0038,455.7,2.7,13.48,1,5,9,4,-7.09,100,44.6,7.0,capsule
NEW-0039,283.25,2.5,98.05,2,6,8,3,-2.59,50,24.17,6.71,tablet
NEW-0040,411.2,3.64,99.9,3,4,5,0,-2.24,5,122.36,6.13,tablet
NEW-0041,291.41,0.49,43.95,1,5,9,2,-4.49,50,67.88,8.15,solution
NEW-0042,189.96,-0.11,48.23,3,4,7,1,-5.0,5,42.08,5.34,capsule
NEW-0043,337.0,1.65,48.5,1,5,5,1,-3.39,100,47.29,5.99,solution
NEW-0044,443.12,4.7,51.19,3,2,5,2,-2.6,10,17.29,9.0,tablet
NEW-0045,417.24,1.9,25.41,0,5,5,3,0.0,200,7.1,8.21,tablet
NEW-0046,378.7,5.2,85.96,0,2,6,2,-2.93,200,26.95,5.86,tablet
NEW-0047,643.16,-2.0,47.5,0,1,5,0,-0.76,200,83.19,5.29,suspension
NEW-0048,425.42,-0.36,72.54,3,3,1,1,-1.37,50,14.59,6.29,tablet
NEW-0049,487.66,2.28,57.59,0,7,6,5,-5.78,5,36.59,6.47,solution
NEW-0050,626.2,4.1,83.93,1,4,2,2,-5.86,10,31.47,7.5,capsule
NEW-0051,237.65,2.37,39.63,3,5,3,1,-3.19,100,67.14,5.62,tablet
NEW-0052,265.73,2.33,83.58,0,4,3,1,-3.0,200,28.1,5.61,tablet
NEW-0053,571.81,2.28,88.64,3,2,3,2,-5.49,25,41.11,5.29,capsule
NEW-0054,292.21,-0.67,103.97,2,3,6,4,-4.58,10,44.84,5.06,capsule
NEW-0055,383.27,4.58,143.87,1,3,7,0,-4.13,200,17.16,6.98,capsule
NEW-0056,497.62,1.27,10.0,3,1,5,2,-4.37,5,3.06,4.74,tablet
NEW-0057,477.98,4.46,86.21,1,6,5,5,-2.2,200,11.59,6.37,tablet
NEW-0058,573.04,2.37,50.18,3,5,11,0,-3.1,5,18.15,4.6,suspension
NEW-0059,544.52,4.42,10.0,3,4,8,3,-1.83,50,44.47,7.77,suspension
NEW-0060,497.63,3.12,104.46,4,1,6,2,-4.01,25,5.63,3.73,solution
NEW-0061,295.0,2.31,121.63,1,3,6,1,-4.84,200,44.65,6.32,capsule
NEW-0062,467.43,2.91,61.29,2,4,3,3,-3.06,200,44.71,6.0,capsule
NEW-0063,414.57,-0.15,82.38,1,3,5,3,-0.6,50,81.92,5.28,tablet
NEW-0064,234.11,2.51,72.76,2,5,7,4,-1.22,200,18.79,8.14,tablet
NEW-0065,535.9,5.59,90.2,3,3,4,2,-2.66,25,13.24,4.95,capsule
NEW-0066,468.8,4.85,105.82,1,5,2,2,-6.09,25,78.36,6.59,tablet
NEW-0067,385.0,0.73,87.07,3,5,4,2,-4.66,100,10.17,5.84,tablet
NEW-0068,354.36,3.41,87.1,3,0,6,3,-4.41,400,29.18,8.38,capsule
NEW-0069,248.19,2.95,119.09,0,4,9,1,-2.02,10,15.9,5.95,tablet
NEW-0070,401.95,3.97,69.24,3,6,6,5,0.0,5,65.14,6.93,tablet
NEW-0071,431.53,2.67,107.31,3,2,7,2,-4.68,200,85.68,7.09,capsule
NEW-0072,288.57,2.08,46.23,3,6,7,4,-4.19,50,47.93,8.04,tablet
NEW-0073,507.84,4.9,131.25,2,6,4,0,-2.42,100,28.26,5.67,tablet
NEW-0074,259.31,2.89,100.82,1,6,7,3,-2.56,10,5.62,6.42,tablet
NEW-0075,146.46,4.76,60.87,2,5,4,4,-4.6,5,29.53,6.85,tablet
NEW-0076,494.37,4.25,10.0,0,6,5,3,-2.8,10,23.29,5.59,capsule
NEW-0077,335.63,1.92,74.99,2,9,2,3,-0.69,25,31.42,8.22,solution
NEW-0078,366.14,2.2,33.64,5,5,2,1,-5.71,200,41.83,6.1,capsule
NEW-0079,287.87,5.97,85.49,3,5,8,2,-3.84,100,18.17,7.46,capsule
NEW-0080,203.34,2.84,125.79,1,4,10,3,-3.62,400,36.45,6.07,capsule
NEW-0081,518.08,1.13,80.6,3,3,7,4,-0.92,50,29.46,4.95,tablet
NEW-0082,304.22,0.34,68.77,3,6,8,3,-2.86,5,37.66,6.38,tablet
NEW-0083,562.7,4.25,86.98,3,4,4,4,-4.14,25,32.05,5.79,suspension
NEW-0084,468.8,2.79,85.0,3,2,6,3,-5.92,200,13.09,6.64,capsule
NEW-0085,345.38,1.07,10.0,2,4,4,1,-4.53,100,34.2,6.36,solution
NEW-0086,260.55,3.71,83.43,0,3,4,3,-4.67,200,16.17,7.39,tablet
NEW-0087,299.43,2.79,96.71,1,3,3,1,-5.29,400,10.37,5.74,tablet
NEW-0088,246.62,-0.49,65.92,2,2,3,3,-4.93,200,32.71,7.52,suspension
NEW-0089,609.58,3.56,109.25,1,6,5,2,-2.85,10,29.94,5.8,tablet
NEW-0090,398.09,4.9,70.53,1,3,5,1,-3.6,100,24.63,6.6,tablet
NEW-0091,506.52,7.11,101.84,3,2,9,3,-4.92,10,17.69,6.38,tablet
NEW-0092,240.59,2.56,154.56,2,2,3,1,-3.83,10,8.64,6.0,solution
NEW-0093,399.91,2.92,71.63,1,5,9,1,-3.11,5,16.66,7.09,capsule
NEW-0094,509.56,5.39,10.0,2,5,2,0,-4.85,25,35.39,7.34,tablet
NEW-0095,343.15,2.8,63.22,1,4,2,5,-4.76,5,84.21,8.18,tablet
NEW-0096,493.42,3.0,14.59,1,2,6,2,-3.0,50,36.03,4.8,solution
NEW-0097,260.7,1.36,96.39,0,3,2,4,-2.86,400,32.75,9.0,capsule
NEW-0098,230.02,-0.01,120.83,2,1,7,4,-4.61,400,58.81,7.45,tablet
NEW-0099,421.73,4.14,99.36,0,5,6,1,-3.6,10,31.88,6.85,solution
NEW-0100,338.29,0.21,86.21,3,5,8,0,-2.45,5,25.08,7.28,tablet
NEW-0101,450.63,4.55,52.43,2,3,8,2,-2.79,400,51.0,7.18,tablet
NEW-0102,162.43,1.08,130.15,2,3,6,3,-5.49,100,18.69,8.27,capsule
NEW-0103,458.35,2.98,101.36,0,0,3,1,-3.83,400,48.97,6.02,tablet
NEW-0104,665.81,1.83,84.96,1,3,4,4,-4.4,400,16.04,4.5,tablet
NEW-0105,377.29,4.61,82.17,4,4,5,0,-4.56,10,16.2,4.88,tablet
NEW-0106,383.76,3.04,78.91,4,8,4,0,-4.71,25,39.25,6.36,tablet
NEW-0107,399.75,6.03,90.83,1,1,7,2,-5.85,25,30.16,7.15,solution
NEW-0108,175.18,0.55,53.53,1,5,7,4,-0.15,10,4.68,5.85,capsule
NEW-0109,426.88,3.24,128.38,2,5,5,2,-3.58,400,33.59,5.23,tablet
NEW-0110,203.4,2.59,80.33,0,4,2,5,-1.55,50,20.43,4.96,solution
NEW-0111,332.96,3.0,96.0,2,3,2,1,-3.25,50,22.51,7.79,capsule
NEW-0112,516.72,5.37,59.83,2,2,5,3,-7.47,50,12.53,8.79,solution
NEW-0113,299.13,3.55,88.12,2,3,5,4,-2.9,200,36.62,7.28,tablet
NEW-0114,435.14,0.43,10.0,0,3,1,2,-0.42,25,10.17,5.78,tablet
NEW-0115,491.4,3.46,35.86,1,3,4,2,-3.51,100,17.86,4.82,solution
NEW-0116,410.66,1.75,73.9,3,8,1,0,-4.26,25,39.12,5.93,tablet
NEW-0117,229.2,1.65,28.71,0,3,3,1,-4.19,50,27.64,7.2,tablet
NEW-0118,343.43,4.38,160.38,1,1,0,1,-3.87,25,30.91,7.66,tablet
NEW-0119,595.54,1.42,16.62,6,1,6,2,-1.37,25,3.37,5.01,tablet
NEW-0120,157.24,1.82,87.11,2,3,6,3,-4.27,100,51.39,6.12,suspension
NEW-0121,349.66,2.56,132.95,0,6,5,4,-5.34,400,0.61,5.48,capsule
NEW-0122,319.27,4.2,91.85,4,4,5,0,-2.74,200,40.18,9.0,capsule
NEW-0123,393.28,3.55,64.14,0,6,5,4,-1.12,5,10.65,7.29,tablet
NEW-0124,462.3,2.08,55.67,2,6,3,2,-5.37,100,12.5,6.76,solution
NEW-0125,556.96,2.01,98.56,3,2,6,2,0.0,100,22.39,5.91,tablet
NEW-0126,350.27,0.41,46.99,1,4,7,2,-4.15,400,13.84,5.2,capsule
NEW-0127,469.36,1.13,70.82,0,3,4,2,-1.28,200,16.49,6.51,tablet
NEW-0128,434.97,1.32,99.19,3,2,5,5,-3.09,5,25.94,6.07,solution
NEW-0129,432.18,2.23,64.22,4,6,8,4,-2.18,400,15.38,6.51,tablet
NEW-0130,317.97,6.08,78.06,1,2,4,4,-2.93,25,37.26,7.62,tablet
NEW-0131,270.29,1.28,64.36,3,1,2,1,-3.69,100,101.5,6.29,capsule
NEW-0132,259.0,1.97,41.06,1,3,4,3,-6.82,200,11.31,4.43,capsule
NEW-0133,296.79,-1.19,116.62,3,3,5,1,-7.86,5,15.54,6.18,capsule
NEW-0134,415.39,3.58,123.76,2,5,5,1,-3.23,25,19.39,7.36,capsule
NEW-0135,463.7,-0.34,63.92,2,5,6,1,-3.84,100,2.79,4.41,capsule
NEW-0136,415.58,0.87,65.7,2,9,8,3,-2.59,5,9.21,4.22,solution
NEW-0137,319.61,4.38,68.77,4,2,6,2,-6.11,5,7.2,8.05,capsule
NEW-0138,578.66,-1.29,93.86,0,11,8,0,-4.57,100,3.67,6.73,solution
NEW-0139,547.08,2.67,43.31,2,7,7,0,-3.81,50,23.09,7.83,tablet
NEW-0140,341.06,3.94,71.9,4,2,10,2,-1.81,25,58.38,5.72,tablet
NEW-0141,289.42,5.25,84.2,4,2,5,3,-2.07,100,27.83,4.8,tablet
NEW-0142,394.32,0.84,97.47,1,5,3,1,-5.66,200,3.43,6.28,solution
NEW-0143,519.4,1.38,10.0,2,9,5,0,-4.95,400,30.44,8.18,capsule
NEW-0144,416.6,5.75,89.12,2,3,9,4,-2.87,5,19.59,4.88,capsule
NEW-0145,441.22,2.45,87.1,2,3,6,1,-3.09,100,40.99,6.18,capsule
NEW-0146,356.67,1.17,110.27,1,6,5,3,-3.1,10,34.62,8.81,capsule
NEW-0147,430.19,1.21,56.58,0,5,5,3,-1.28,50,6.25,6.11,suspension
NEW-0148,549.9,0.75,56.86,1,2,5,2,-2.79,200,58.37,5.79,tablet
NEW-0149,353.64,1.71,117.09,3,2,6,3,-2.32,50,27.49,6.74,tablet
NEW-0150,395.76,4.46,20.29,4,4,13,2,-2.16,100,26.09,7.1,tablet
NEW-0151,407.92,4.1,132.02,3,3,4,3,-4.11,5,16.98,9.0,tablet
NEW-0152,411.21,0.39,164.46,1,3,6,3,-5.58,400,6.63,7.32,tablet
NEW-0153,224.69,2.89,91.71,1,4,5,2,-0.52,10,13.3,7.09,capsule
NEW-0154,173.54,1.78,103.49,2,4,5,0,-3.17,10,7.95,6.16,solution
NEW-0155,267.84,3.91,22.86,0,9,4,1,-4.64,400,13.25,6.12,capsule
NEW-0156,398.47,2.22,50.69,0,4,3,0,-4.79,5,50.23,6.29,suspension
NEW-0157,440.92,3.17,112.03,1,5,2,2,-2.36,50,10.81,7.91,solution
NEW-0158,321.63,2.21,87.66,3,3,11,1,-5.93,400,31.3,7.18,capsule
NEW-0159,531.5,-1.44,68.65,1,4,3,1,-6.49,5,9.18,5.3,solution
NEW-0160,364.25,2.58,83.15,1,1,6,0,-5.03,100,23.85,8.06,solution
NEW-0161,382.23,0.21,92.74,1,4,5,1,-0.1,25,15.5,8.92,tablet
NEW-0162,358.66,3.84,64.74,2,7,8,2,-2.14,50,55.15,8.28,solution
NEW-0163,394.74,1.28,73.99,1,0,5,3,-1.88,25,114.78,7.22,tablet
NEW-0164,457.49,1.41,73.73,1,5,5,3,-3.94,100,27.71,5.86,tablet
NEW-0165,453.22,2.48,38.17,0,6,8,2,-2.84,5,34.34,8.36,tablet
NEW-0166,281.17,3.54,86.33,0,5,6,0,-3.04,50,12.1,5.0,tablet
NEW-0167,547.6,2.19,138.13,3,1,5,2,-3.74,100,60.0,7.2,tablet
NEW-0168,259.55,5.46,135.62,1,2,5,1,-3.58,200,8.9,6.05,tablet
NEW-0169,388.71,5.47,23.33,2,6,4,3,-3.78,5,17.73,4.3,tablet
NEW-0170,349.82,5.59,94.97,0,1,4,2,-4.18,100,44.42,6.89,capsule
NEW-0171,264.61,2.08,98.64,4,2,3,3,-3.48,10,66.8,8.23,solution
NEW-0172,371.74,-0.17,60.63,1,2,8,2,-4.34,10,6.2,6.56,tablet
NEW-0173,298.51,4.7,41.25,5,7,9,1,-3.87,25,106.41,7.09,capsule
NEW-0174,388.02,1.75,28.77,0,0,5,1,-4.28,25,51.0,5.18,suspension
NEW-0175,424.34,2.57,59.44,0,7,5,2,-4.05,10,43.54,6.19,capsule
NEW-0176,541.91,3.63,87.25,1,4,5,4,-2.67,25,13.58,4.52,tablet
NEW-0177,413.81,-0.39,69.47,2,5,4,1,-2.02,100,31.38,6.71,tablet
NEW-0178,312.77,5.43,53.62,2,4,6,3,-3.89,100,94.51,6.94,solution
NEW-0179,336.92,4.07,31.28,3,1,8,4,-2.82,50,16.57,5.15,capsule
NEW-0180,395.4,3.13,87.28,3,3,4,2,-3.1,400,28.81,6.11,tablet
NEW-0181,390.28,4.1,112.33,2,1,7,2,-2.79,200,14.47,7.62,tablet
NEW-0182,540.55,3.5,42.56,1,3,5,2,-3.47,100,23.91,8.32,solution
NEW-0183,533.49,2.71,90.7,1,1,3,0,-3.86,200,26.2,5.07,tablet
NEW-0184,340.52,1.95,10.0,5,4,5,1,-4.06,200,27.12,8.43,suspension
NEW-0185,319.65,1.17,51.99,0,4,5,4,-3.67,100,26.81,7.05,solution
NEW-0186,120.0,3.02,100.54,4,3,3,1,-3.5,100,10.51,8.19,suspension
NEW-0187,319.62,3.15,35.88,1,4,3,3,-5.39,400,26.81,5.53,tablet
NEW-0188,272.41,4.45,53.84,2,2,5,3,-4.61,10,14.83,4.91,solution
NEW-0189,340.97,2.86,124.63,2,5,5,3,-5.87,100,15.17,7.34,tablet
NEW-0190,423.07,0.96,49.35,4,5,4,1,-4.85,200,23.32,6.64,solution
NEW-0191,399.49,-0.34,45.11,2,1,5,0,-3.34,400,5.84,5.19,tablet
NEW-0192,376.7,2.27,95.15,3,4,4,2,-2.83,50,35.36,7.57,tablet
NEW-0193,401.95,2.45,143.42,1,9,6,2,-6.25,25,22.62,6.73,tablet
NEW-0194,366.13,2.32,66.61,1,3,4,1,-2.28,400,46.45,6.22,tablet
NEW-0195,401.67,-0.25,101.91,4,5,9,5,-2.7,25,14.46,4.4,tablet
NEW-0196,120.0,4.43,122.1,1,3,5,2,0.0,400,18.81,7.14,capsule
NEW-0197,350.38,4.43,86.39,0,3,9,2,-1.56,25,23.41,7.17,tablet
NEW-0198,367.81,1.02,65.55,3,4,4,2,-5.77,10,47.24,6.14,solution
NEW-0199,342.46,3.95,44.33,0,4,6,3,-4.29,10,26.01,5.43,solution
NEW-0200,356.03,4.22,25.12,0,3,1,2,0.0,25,31.71,6.61,tablet
NEW-0201,457.36,2.57,113.91,4,2,6,4,-7.04,5,25.91,9.0,capsule
NEW-0202,314.21,0.79,81.33,1,4,1,3,-2.65,25,34.28,8.01,tablet
NEW-0203,622.08,5.4,121.65,4,3,3,3,-1.1,10,40.09,5.79,capsule
NEW-0204,455.71,3.19,109.61,4,4,2,4,-2.2,25,40.87,6.98,tablet
NEW-0205,379.31,2.05,53.41,2,4,4,2,-3.81,5,6.97,6.12,capsule
NEW-0206,357.27,3.89,33.46,1,6,3,1,-2.25,25,47.6,7.16,capsule
NEW-0207,370.48,5.42,89.44,3,4,6,1,-2.71,25,8.09,7.57,solution
NEW-0208,279.32,1.61,52.86,3,3,2,5,-3.88,50,61.97,8.84,tablet
NEW-0209,369.53,3.74,88.18,1,1,4,3,-2.58,5,26.56,6.8,tablet
NEW-0210,410.66,6.0,49.41,3,2,5,1,-3.88,25,54.25,4.08,suspension
NEW-0211,443.75,0.49,44.86,3,8,9,3,-1.68,5,36.06,6.47,capsule
NEW-0212,443.77,1.51,70.07,1,4,1,4,-2.75,10,56.26,5.19,capsule
NEW-0213,349.76,1.42,107.69,3,2,6,3,-4.29,200,64.03,6.42,tablet
NEW-0214,224.23,2.22,85.73,1,0,7,2,-2.23,400,36.82,6.97,tablet
NEW-0215,306.4,2.12,116.24,4,1,6,1,-5.81,200,23.72,7.8,suspension
NEW-0216,557.34,3.04,31.83,0,3,4,2,-4.06,10,73.5,8.41,capsule
NEW-0217,478.57,1.02,38.0,2,2,2,3,0.0,10,28.27,8.04,capsule
NEW-0218,420.66,1.38,71.88,1,4,3,3,-3.25,50,2.93,5.87,capsule
NEW-0219,296.26,3.04,150.8,1,3,2,3,-2.7,200,83.81,5.52,suspension
NEW-0220,380.4,2.78,98.6,3,3,3,3,-3.03,400,7.84,6.62,capsule
NEW-0221,241.88,4.07,37.67,1,2,4,5,-3.96,10,5.87,7.2,tablet
NEW-0222,319.29,3.24,72.34,3,2,3,1,-4.17,5,50.64,8.0,capsule
NEW-0223,353.03,3.89,82.73,1,5,6,1,-4.52,200,9.71,5.99,capsule
NEW-0224,340.22,0.44,55.1,1,8,2,1,-2.36,400,21.15,6.38,capsule
NEW-0225,485.23,1.81,96.46,2,5,7,1,-4.16,200,52.92,6.03,suspension
NEW-0226,223.94,5.83,69.52,0,7,2,1,-2.46,25,13.36,5.32,solution
NEW-0227,284.8,3.21,64.52,3,3,3,4,-1.25,10,51.51,7.32,capsule
NEW-0228,228.78,3.85,119.11,1,4,4,2,-3.32,50,42.71,6.87,capsule
NEW-0229,243.89,2.99,15.16,1,7,2,3,-3.67,10,16.71,7.44,suspension
NEW-0230,393.65,3.27,41.34,2,3,4,1,-3.69,400,25.19,6.72,capsule
NEW-0231,203.95,2.08,46.39,2,4,8,2,-4.21,10,32.52,6.71,tablet
NEW-0232,462.93,8.0,45.33,3,3,5,1,-4.13,10,27.01,7.71,tablet
NEW-0233,352.85,1.79,49.49,3,5,10,1,-2.56,5,6.21,4.26,tablet
NEW-0234,387.57,2.43,92.1,3,4,5,3,-5.01,10,13.87,5.47,suspension
NEW-0235,415.48,-1.86,113.38,3,5,3,5,-2.64,25,26.94,7.07,capsule
NEW-0236,332.24,4.49,107.06,4,3,8,5,-4.82,50,42.09,6.99,capsule
NEW-0237,493.57,1.51,39.32,2,6,5,2,-3.39,400,47.64,6.0,solution
NEW-0238,358.62,2.39,71.24,2,3,3,3,-6.77,100,40.18,5.4,tablet
NEW-0239,445.35,1.55,90.83,2,4,5,1,-2.28,5,23.03,8.2,solution
NEW-0240,358.1,2.25,83.4,1,4,1,2,-0.84,50,10.94,5.39,tablet
NEW-0241,412.0,1.99,120.7,3,2,3,2,-4.36,10,34.73,7.26,capsule
NEW-0242,410.76,2.42,51.36,1,4,1,3,-3.95,200,11.5,4.41,tablet
NEW-0243,407.5,2.4,80.47,3,2,4,0,-2.82,200,38.37,5.97,tablet
NEW-0244,272.83,2.22,61.24,2,2,6,5,-1.07,100,18.22,7.22,capsule
NEW-0245,427.95,2.2,83.79,2,5,2,1,-2.32,200,29.01,4.46,tablet
NEW-0246,344.91,4.86,37.24,2,8,5,4,-5.62,100,38.12,6.91,capsule
NEW-0247,449.35,4.09,42.49,3,4,4,2,-3.52,25,11.81,7.77,suspension
NEW-0248,143.23,4.1,49.45,3,2,6,3,-1.55,5,24.42,7.32,tablet
NEW-0249,218.84,1.18,55.27,5,5,4,3,-1.08,10,4.82,5.41,tablet
NEW-0250,419.98,4.76,129.18,3,5,3,3,-3.12,10,6.62,5.67,tablet
NEW-0251,584.92,4.54,116.14,1,6,6,3,-3.69,50,25.64,7.38,suspension
NEW-0252,471.86,1.5,67.56,1,5,7,2,-3.39,5,13.33,6.9,capsule
NEW-0253,304.93,5.24,81.05,1,5,9,2,-3.15,10,29.37,8.0,solution
NEW-0254,193.87,1.27,19.19,2,2,9,1,-3.12,400,9.55,4.85,capsule
NEW-0255,461.7,-0.82,68.72,5,7,2,4,-4.46,5,33.38,4.86,tablet
NEW-0256,371.14,4.48,80.59,0,9,4,0,-4.45,400,63.2,5.72,capsule
NEW-0257,444.98,2.28,115.1,3,2,4,2,-1.18,100,17.33,5.31,capsule
NEW-0258,392.68,4.26,86.44,0,3,6,2,-5.29,5,9.01,6.05,capsule
NEW-0259,383.26,1.14,90.15,0,4,7,2,-4.55,5,5.06,6.49,tablet
NEW-0260,705.45,0.23,85.42,2,5,6,1,-1.75,100,21.29,4.71,tablet
NEW-0261,379.33,4.72,84.42,0,3,3,1,-4.87,100,44.2,6.07,suspension
NEW-0262,362.48,-0.03,26.11,2,4,6,0,-4.32,400,39.23,6.74,suspension
NEW-0263,366.64,-0.31,60.41,4,4,8,1,-3.47,10,53.65,5.63,tablet
NEW-0264,315.81,-0.97,125.22,3,3,3,2,-5.62,50,35.38,6.24,solution
NEW-0265,488.91,-2.0,103.84,3,1,7,1,0.0,100,38.01,6.99,capsule
NEW-0266,341.09,0.63,92.3,2,9,5,0,-6.01,200,36.72,6.86,tablet
NEW-0267,449.95,-1.4,77.34,1,4,7,1,-1.92,100,41.72,7.43,capsule
NEW-0268,411.31,2.44,98.08,2,5,2,4,-1.15,10,19.72,7.73,capsule
NEW-0269,514.09,-1.53,41.93,2,4,5,0,-4.4,200,31.47,6.9,solution
NEW-0270,426.22,0.53,19.7,0,1,8,0,-3.89,400,31.25,6.06,capsule
NEW-0271,246.53,6.7,61.63,0,4,4,0,-4.72,200,22.39,6.67,tablet
NEW-0272,234.09,3.12,93.83,3,5,5,1,-4.78,10,42.01,7.15,capsule
NEW-0273,534.92,2.6,78.77,0,4,3,1,-2.21,25,22.64,7.79,capsule
NEW-0274,313.04,-0.42,110.49,2,2,5,1,-4.55,5,7.6,8.96,capsule
NEW-0275,234.73,2.06,87.3,7,5,1,2,-6.13,10,2.61,6.83,solution
NEW-0276,306.34,2.59,76.57,3,6,7,2,-3.28,50,67.77,6.54,solution
NEW-0277,519.11,-0.39,121.46,3,2,8,2,-3.22,25,30.85,5.27,tablet
NEW-0278,223.78,2.73,114.63,4,2,6,2,-2.98,25,6.26,4.16,capsule
NEW-0279,284.69,4.64,71.57,1,2,1,2,-6.37,10,23.62,8.81,suspension
NEW-0280,306.65,1.87,36.39,1,4,5,3,0.0,50,36.87,8.71,tablet
NEW-0281,242.37,2.14,43.24,5,2,3,1,-2.2,50,29.03,8.28,tablet
NEW-0282,249.72,-1.18,69.35,3,3,3,1,-4.95,25,7.7,6.97,tablet
NEW-0283,213.01,-0.02,62.16,1,7,8,1,-5.21,10,8.59,7.81,capsule
NEW-0284,329.27,4.4,133.02,4,3,3,1,-3.95,25,11.78,7.47,capsule
NEW-0285,340.96,1.31,16.2,4,2,6,1,-1.56,200,33.5,6.37,suspension
NEW-0286,304.92,0.83,72.75,2,2,11,0,-2.28,200,33.22,5.58,tablet
NEW-0287,198.09,1.25,37.68,2,8,5,1,-4.53,50,6.87,6.22,tablet
NEW-0288,517.87,2.4,79.09,2,7,9,3,-3.19,400,30.85,6.67,capsule
NEW-0289,233.8,0.41,88.38,1,7,4,2,-1.21,100,17.21,4.36,solution
NEW-0290,410.58,2.73,60.83,4,3,6,1,-3.4,100,56.9,7.43,suspension
NEW-0291,261.78,0.05,93.57,1,5,5,5,-5.81,100,55.42,6.59,tablet
NEW-0292,453.51,3.89,68.05,3,1,7,0,-4.45,10,24.37,4.6,tablet
NEW-0293,485.14,0.6,68.72,1,3,4,1,-5.08,50,22.65,7.01,solution
NEW-0294,283.46,4.88,60.37,3,5,6,3,-4.62,5,34.75,6.62,capsule
NEW-0295,168.39,2.48,97.78,1,6,6,1,-3.08,10,24.74,8.46,tablet
NEW-0296,456.54,0.98,79.85,4,2,7,4,-1.89,25,11.48,5.65,tablet
NEW-0297,586.34,4.14,130.06,3,6,2,2,-4.35,200,3.35,3.2,capsule
NEW-0298,425.73,0.03,119.45,1,6,3,1,-2.83,25,22.13,5.5,solution
NEW-0299,397.66,1.52,94.38,0,6,3,1,-2.0,400,23.21,6.98,capsule
NEW-0300,470.17,2.5,10.0,1,3,4,2,-3.72,5,15.16,6.66,solution
NEW-0301,464.16,2.28,23.05,2,5,4,1,-6.15,50,28.18,5.69,tablet
NEW-0302,288.81,-1.12,109.52,5,2,4,2,-5.21,5,4.88,7.01,capsule
NEW-0303,307.49,0.84,58.35,1,6,6,0,-3.02,25,13.32,6.08,tablet
NEW-0304,447.22,2.8,83.22,2,1,7,1,-4.92,50,10.9,4.25,capsule
NEW-0305,364.16,0.12,52.93,2,9,6,3,-5.82,5,9.32,5.95,capsule
NEW-0306,524.83,4.78,93.13,2,4,3,3,-6.54,25,32.68,8.9,tablet
NEW-0307,302.52,3.39,108.53,2,3,4,2,-0.38,400,32.25,7.15,tablet
NEW-0308,462.57,1.57,32.66,1,6,3,1,-5.96,25,11.48,6.16,capsule
NEW-0309,417.69,2.1,46.53,1,7,3,3,-2.69,200,28.22,5.52,capsule
NEW-0310,366.09,5.85,16.77,1,4,0,2,-1.06,25,21.47,6.41,capsule
NEW-0311,509.35,4.18,83.17,1,5,1,4,-2.43,200,54.31,7.02,suspension
NEW-0312,454.81,3.18,16.72,3,5,5,1,-2.52,5,31.06,7.18,tablet
NEW-0313,269.45,-0.05,62.19,2,5,2,2,-4.59,100,42.39,6.35,solution
NEW-0314,450.42,5.43,93.19,2,7,3,2,-5.25,50,32.7,7.79,tablet
NEW-0315,531.25,4.39,147.03,3,10,3,1,-1.97,400,16.0,5.17,tablet
NEW-0316,365.65,2.23,87.89,1,4,5,3,-3.34,400,22.49,5.5,tablet
NEW-0317,352.65,1.51,118.85,3,1,2,1,-2.88,200,12.06,6.86,capsule
NEW-0318,306.34,2.16,84.07,2,6,10,3,-4.02,10,22.05,4.62,solution
NEW-0319,378.5,0.34,85.82,0,2,3,2,-3.33,25,22.98,4.85,suspension
NEW-0320,455.48,1.65,67.62,4,5,6,1,-1.08,50,35.46,7.56,tablet
NEW-0321,290.06,3.87,61.59,1,5,7,2,-6.0,50,8.8,6.79,capsule
NEW-0322,231.9,-0.75,116.1,3,1,4,2,-1.63,50,34.1,5.99,capsule
NEW-0323,338.67,1.93,88.11,1,4,4,2,-3.43,5,13.6,5.75,capsule
NEW-0324,228.23,2.7,86.77,1,4,3,1,-1.2,200,18.36,5.35,tablet
NEW-0325,437.55,2.69,53.71,2,5,7,3,-2.22,25,39.01,5.19,tablet
NEW-0326,333.06,0.38,62.92,3,4,3,4,-4.32,5,31.92,4.53,tablet
NEW-0327,186.91,0.37,147.36,3,2,9,1,-1.44,10,28.74,5.65,capsule
NEW-0328,341.65,4.46,72.64,3,2,6,2,-1.86,10,11.8,8.0,tablet
NEW-0329,358.81,0.3,121.42,2,1,6,3,-3.81,10,41.42,6.66,tablet
NEW-0330,429.4,4.32,56.79,4,3,3,3,-5.3,25,38.17,5.54,capsule
NEW-0331,364.01,1.63,103.05,0,4,8,0,-4.32,100,24.95,5.84,suspension
NEW-0332,585.56,4.44,85.14,3,4,0,2,-3.26,200,54.78,6.82,solution
NEW-0333,322.94,1.74,60.87,4,1,5,1,-4.27,10,20.19,6.43,solution
NEW-0334,373.14,0.4,97.7,0,7,9,0,-1.65,25,18.22,6.57,tablet
NEW-0335,368.68,4.04,20.98,1,2,4,2,-3.95,200,10.36,3.37,tablet
NEW-0336,348.91,2.47,95.11,3,4,5,2,-0.42,50,46.3,7.89,capsule
NEW-0337,395.67,5.11,102.54,1,5,5,1,-1.27,100,46.59,6.74,solution
NEW-0338,439.54,4.11,84.56,4,6,6,3,-1.26,400,6.83,6.59,suspension
NEW-0339,527.41,2.09,120.88,2,9,6,1,-2.85,5,58.8,7.95,solution
NEW-0340,207.38,1.69,72.62,3,3,2,2,-2.26,50,97.6,5.03,tablet
NEW-0341,323.86,2.54,69.78,2,10,0,0,-2.43,100,1.55,5.42,solution
NEW-0342,330.75,2.84,87.43,2,3,6,4,-4.54,5,13.79,8.15,capsule
NEW-0343,483.16,0.91,105.37,1,5,3,1,-1.79,400,10.38,5.94,tablet
NEW-0344,340.77,4.02,94.94,4,3,4,1,-1.82,400,26.7,5.72,capsule
NEW-0345,171.53,1.78,67.07,0,3,3,3,-0.02,100,29.7,5.54,capsule
NEW-0346,389.65,1.74,40.17,4,4,7,4,-2.74,10,4.93,5.35,solution
NEW-0347,376.29,1.53,98.22,1,7,5,1,-2.74,400,35.61,6.74,capsule
NEW-0348,399.77,2.92,47.37,0,2,5,4,-2.34,5,11.28,7.95,capsule
NEW-0349,265.58,1.25,46.36,6,4,9,2,-6.49,200,10.45,5.95,suspension
NEW-0350,569.09,2.74,52.09,1,5,9,1,-2.78,50,47.08,6.9,tablet
NEW-0351,344.38,7.48,77.02,1,8,8,1,-2.95,100,19.98,6.84,tablet
NEW-0352,359.29,2.4,47.13,1,4,5,0,-4.23,25,6.55,6.57,tablet
NEW-0353,281.0,1.72,35.25,2,4,8,1,-3.89,50,14.9,7.48,solution
NEW-0354,277.59,-0.5,51.94,2,2,4,1,-5.88,400,5.8,7.68,tablet
NEW-0355,245.5,2.59,68.58,4,6,5,3,-6.56,100,21.63,8.07,tablet
NEW-0356,336.74,0.5,90.9,4,9,5,0,-3.71,400,32.59,7.53,solution
NEW-0357,274.67,1.82,77.35,3,3,4,1,-1.24,400,21.13,8.67,suspension
NEW-0358,606.21,2.77,37.18,1,5,5,5,-4.99,200,19.2,4.77,tablet
NEW-0359,172.27,-0.62,83.0,1,4,1,3,-2.07,5,45.01,6.22,tablet
NEW-0360,255.88,2.78,86.3,4,3,2,1,-3.78,100,11.55,5.69,tablet
NEW-0361,335.84,3.05,59.08,5,5,6,4,-3.45,50,4.96,5.51,solution
NEW-0362,454.08,0.17,47.13,3,5,6,4,-2.35,200,77.48,6.99,tablet
NEW-0363,334.49,1.79,47.12,0,2,4,1,-4.0,200,4.23,6.55,tablet
NEW-0364,454.36,-0.8,56.39,4,2,3,3,-3.81,10,14.91,9.0,tablet
NEW-0365,271.45,5.34,152.5,0,3,4,2,-5.01,25,36.84,5.2,capsule
NEW-0366,386.52,3.1,43.88,2,4,7,0,-2.2,25,22.49,4.03,tablet
NEW-0367,571.84,2.18,84.31,1,4,0,3,-2.94,400,26.86,8.18,solution
NEW-0368,273.55,2.21,50.01,0,8,7,3,-1.04,400,49.84,7.51,tablet
NEW-0369,426.15,4.54,57.29,2,5,6,2,-4.05,25,24.29,6.01,tablet
NEW-0370,402.76,2.33,50.29,3,1,3,5,-1.74,10,7.75,5.86,solution
NEW-0371,132.33,3.1,103.04,0,4,7,3,-4.57,25,48.28,5.56,tablet
NEW-0372,315.21,5.23,88.27,1,0,5,3,-0.39,200,78.39,7.44,capsule
NEW-0373,504.43,1.88,70.47,4,3,9,0,-3.67,10,27.36,9.0,solution
NEW-0374,394.86,0.53,92.6,2,8,5,1,-3.62,200,26.96,6.46,capsule
NEW-0375,246.65,1.02,101.02,4,2,3,5,-2.96,5,22.8,4.83,capsule
NEW-0376,455.99,5.07,45.22,2,4,9,4,-0.6,25,17.34,5.65,capsule
NEW-0377,327.3,2.66,94.15,2,4,3,0,-2.05,5,39.53,4.96,capsule
NEW-0378,419.61,1.6,49.88,2,4,5,0,-1.48,400,12.89,6.05,suspension
NEW-0379,421.46,4.25,104.33,2,3,3,5,-2.03,10,9.97,5.01,tablet
NEW-0380,256.94,4.3,100.91,3,9,8,4,-2.2,10,11.61,6.77,solution
NEW-0381,466.88,1.64,89.13,2,5,4,0,-3.25,200,48.89,7.92,capsule
NEW-0382,269.17,0.75,67.65,4,5,7,1,-4.46,25,15.59,5.98,solution
NEW-0383,236.36,-0.33,56.59,5,3,7,3,-1.39,50,4.46,5.63,tablet
NEW-0384,282.89,-0.73,65.77,4,8,7,3,-2.35,5,19.14,7.24,tablet
NEW-0385,341.93,2.02,101.92,2,6,1,1,-3.74,400,21.48,5.4,tablet
NEW-0386,392.03,0.89,51.12,0,6,8,2,-4.82,200,76.69,5.15,tablet
NEW-0387,295.02,5.85,76.74,0,0,8,1,-6.26,200,36.52,5.98,tablet
NEW-0388,461.93,2.61,13.83,1,3,4,4,-5.08,10,54.49,6.63,tablet
NEW-0389,407.66,-1.0,84.11,6,3,2,1,-4.87,50,25.88,7.01,suspension
NEW-0390,303.57,5.05,38.76,1,7,4,2,-3.42,400,21.51,7.4,capsule
NEW-0391,477.79,2.79,28.87,1,3,7,3,-5.44,10,51.67,7.26,tablet
NEW-0392,507.72,3.77,93.16,1,7,2,4,-4.96,50,72.17,8.3,capsule
NEW-0393,369.14,3.73,82.36,2,2,4,4,-3.32,400,28.05,8.06,suspension
NEW-0394,356.35,3.03,59.48,0,7,2,1,-2.44,400,29.55,7.45,solution
NEW-0395,184.89,3.44,64.43,1,7,6,3,-6.66,400,39.59,8.25,tablet
NEW-0396,335.17,2.93,154.49,1,2,1,3,-4.63,50,12.91,3.28,tablet
NEW-0397,347.93,0.51,68.2,3,5,4,2,-4.88,25,6.47,6.3,capsule
NEW-0398,406.99,3.16,67.96,1,2,4,5,-3.53,50,11.7,6.52,tablet
NEW-0399,361.47,4.34,97.83,2,1,2,0,-1.51,100,16.85,6.23,capsule
NEW-0400,406.84,2.12,78.05,2,3,7,2,-3.7,100,39.71,6.35,tablet
NEW-0401,548.75,3.49,109.56,4,2,5,3,-5.34,25,56.59,6.63,capsule
NEW-0402,321.71,3.26,84.71,0,4,6,3,-3.63,100,10.62,7.56,tablet
NEW-0403,325.99,5.77,101.64,2,4,5,3,-4.5,10,19.07,7.5,solution
NEW-0404,235.99,2.05,90.52,3,3,3,2,-1.23,50,12.08,7.64,capsule
NEW-0405,379.05,1.97,97.59,4,3,8,1,-4.01,25,38.59,8.32,capsule
NEW-0406,487.45,2.29,73.51,1,4,2,5,-3.05,5,19.51,7.85,solution
NEW-0407,187.38,2.32,82.79,2,2,2,2,-5.5,50,32.46,5.62,capsule
NEW-0408,306.76,-1.59,65.51,3,3,5,2,-5.94,10,27.67,5.77,capsule
NEW-0409,383.95,1.34,96.15,3,2,3,1,-6.31,25,44.94,5.51,suspension
NEW-0410,473.51,3.04,27.89,1,0,3,3,-3.71,5,4.86,6.11,capsule
NEW-0411,422.12,2.49,100.41,1,5,6,1,-5.12,10,38.84,7.88,tablet
NEW-0412,415.8,1.06,109.93,4,3,3,3,-0.74,400,37.82,5.83,capsule
NEW-0413,355.33,1.3,100.96,1,3,5,2,-4.3,400,18.56,7.14,tablet
NEW-0414,433.01,1.86,71.36,1,6,7,2,-2.84,10,26.23,5.23,tablet
NEW-0415,491.57,1.06,92.68,2,2,3,1,-4.21,5,35.92,6.22,capsule
NEW-0416,192.01,1.58,47.82,3,3,3,2,-2.81,5,70.89,6.44,capsule
NEW-0417,460.14,1.53,104.3,4,8,9,3,-3.82,5,45.45,8.72,capsule
NEW-0418,369.14,4.11,36.53,4,5,3,1,-5.37,10,10.21,3.95,capsule
NEW-0419,321.7,4.33,95.78,2,6,9,1,-4.81,200,43.2,7.24,solution
NEW-0420,120.0,4.18,93.64,3,6,1,0,-3.64,100,39.64,8.08,tablet
NEW-0421,228.16,3.27,89.24,2,5,7,2,-5.24,400,8.45,5.41,solution
NEW-0422,566.79,1.23,59.35,2,5,11,1,-4.27,10,6.6,5.55,tablet
NEW-0423,304.26,4.23,101.61,3,2,8,2,-2.25,5,75.41,5.09,tablet
NEW-0424,260.68,1.93,10.7,0,2,4,2,-4.09,100,7.55,8.04,capsule
NEW-0425,329.79,2.54,102.2,2,4,2,3,-3.39,200,4.37,5.83,solution
NEW-0426,298.03,4.91,81.7,0,2,4,1,-3.86,25,2.06,8.33,capsule
NEW-0427,393.68,2.65,111.78,0,3,4,0,-5.12,400,16.42,7.9,suspension
NEW-0428,546.87,2.95,82.0,0,8,3,0,-5.54,10,22.24,7.22,tablet
NEW-0429,315.47,-0.04,139.34,2,5,4,1,-2.23,100,14.38,6.53,tablet
NEW-0430,396.97,3.38,42.04,4,6,3,3,-2.02,400,15.62,5.58,capsule
NEW-0431,253.8,0.74,96.33,3,2,3,1,-5.35,5,99.46,7.28,tablet
NEW-0432,547.22,4.32,43.99,2,3,5,2,-2.18,400,33.54,5.99,capsule
NEW-0433,400.79,2.17,70.58,0,5,5,3,-3.39,5,46.1,7.75,capsule
NEW-0434,261.0,-1.53,100.98,1,3,5,1,-2.79,25,21.08,5.62,solution
NEW-0435,479.47,1.86,96.89,4,5,5,1,-0.45,50,9.0,5.3,solution
NEW-0436,512.0,2.09,147.78,3,4,7,2,-6.61,100,92.69,7.11,tablet
NEW-0437,397.76,3.37,62.7,3,5,7,1,-4.2,5,13.49,5.54,capsule
NEW-0438,199.67,3.71,120.01,3,1,4,3,-3.05,50,48.61,4.48,capsule
NEW-0439,576.37,1.91,66.1,5,6,4,1,-2.22,5,31.64,6.29,capsule
NEW-0440,414.11,4.32,50.47,2,2,5,3,-5.13,10,16.23,8.3,tablet
NEW-0441,508.75,-2.0,18.2,0,4,4,1,-2.51,400,3.14,7.15,tablet
NEW-0442,319.4,1.21,80.69,2,7,3,3,-3.25,5,41.15,7.33,tablet
NEW-0443,336.15,0.5,56.75,2,4,9,2,-1.24,400,27.74,6.44,solution
NEW-0444,392.15,0.24,104.66,5,6,3,4,-4.34,25,17.81,5.06,tablet
NEW-0445,502.47,4.23,56.51,1,5,4,2,-2.47,50,24.32,9.0,capsule
NEW-0446,395.73,3.99,58.32,2,3,10,3,-3.54,10,2.18,8.0,tablet
NEW-0447,241.75,1.1,87.41,4,6,5,4,-4.8,10,15.48,5.8,capsule
NEW-0448,408.82,4.62,135.24,2,2,4,5,-4.52,200,46.48,8.49,tablet
NEW-0449,559.25,2.68,36.9,2,7,3,2,-4.53,10,78.27,6.8,capsule
NEW-0450,387.24,1.74,110.62,2,6,3,3,-3.68,100,15.42,6.87,capsule
NEW-0451,394.23,1.25,105.59,2,5,7,0,-3.21,400,28.03,6.56,tablet
NEW-0452,241.12,1.1,67.27,3,1,7,1,-4.33,10,4.21,5.87,capsule
NEW-0453,225.67,3.35,98.64,3,10,4,1,-2.15,400,30.78,6.73,capsule
NEW-0454,309.85,3.67,65.05,4,2,3,0,-3.97,10,28.83,5.6,capsule
NEW-0455,344.08,2.93,158.0,7,2,5,5,-1.68,10,41.45,4.13,capsule
NEW-0456,391.45,-1.19,71.08,0,1,4,0,-3.17,400,33.64,6.56,capsule
NEW-0457,398.26,3.03,77.81,1,1,5,1,-3.28,25,49.17,5.89,tablet
NEW-0458,556.21,3.52,63.6,3,1,4,2,-4.11,400,28.32,7.01,capsule
NEW-0459,386.46,1.3,15.73,2,5,4,2,-2.11,10,35.21,5.98,suspension
NEW-0460,497.09,2.58,65.79,4,5,6,2,-6.35,5,41.29,6.36,capsule
NEW-0461,375.67,-0.85,83.12,2,4,4,1,-2.72,25,73.19,9.0,tablet
NEW-0462,539.38,0.29,127.53,0,4,6,0,-2.4,400,12.06,7.54,tablet
NEW-0463,174.26,1.92,92.22,3,3,3,1,-2.2,50,7.32,8.35,capsule
NEW-0464,314.14,1.94,68.37,2,5,11,1,-3.22,100,8.7,6.07,solution
NEW-0465,488.13,3.13,77.1,2,4,6,3,0.0,100,44.94,6.53,capsule
NEW-0466,361.12,0.36,86.46,4,3,3,3,-3.25,100,47.94,5.57,tablet
NEW-0467,482.47,1.89,61.74,2,1,4,1,-6.45,400,48.9,7.24,solution
NEW-0468,422.36,1.62,98.88,2,5,9,3,-3.5,100,76.63,5.73,tablet
NEW-0469,484.05,3.45,131.88,4,4,5,1,-3.19,5,81.0,8.1,solution
NEW-0470,447.44,5.06,62.29,0,5,4,0,-4.69,400,40.01,9.0,capsule
NEW-0471,454.1,5.6,117.26,2,6,7,2,-1.06,400,37.86,5.9,capsule
NEW-0472,544.17,-0.32,105.67,0,6,0,2,-3.91,200,45.79,6.63,capsule
NEW-0473,488.51,2.41,93.8,4,5,6,4,-5.05,50,66.16,6.36,solution
NEW-0474,489.32,0.5,78.92,2,7,7,4,-3.24,100,46.15,7.72,tablet
NEW-0475,382.25,2.38,86.82,2,4,3,5,-3.26,10,3.23,6.64,suspension
NEW-0476,316.0,3.26,67.39,5,3,7,2,-2.77,400,18.7,8.9,solution
NEW-0477,307.45,2.65,139.29,2,1,5,0,-7.46,100,25.3,6.7,solution
NEW-0478,462.6,2.41,49.86,3,4,5,2,-4.73,100,19.33,4.92,tablet
NEW-0479,120.0,5.17,114.72,3,5,6,1,-2.92,100,15.42,6.81,tablet
NEW-0480,236.21,3.8,129.24,2,4,4,1,-1.76,5,26.64,5.77,capsule
NEW-0481,274.04,2.01,63.69,2,5,3,3,-3.05,100,5.8,5.23,solution
NEW-0482,352.76,2.54,115.8,3,7,4,1,-4.7,50,63.17,6.66,solution
NEW-0483,120.0,4.07,80.04,1,3,2,1,-3.72,5,7.7,7.18,tablet
NEW-0484,518.46,3.6,77.18,2,0,3,2,-2.06,5,36.64,6.81,suspension
NEW-0485,446.02,1.73,72.39,2,5,7,5,-2.35,100,7.71,4.85,capsule
NEW-0486,598.3,-0.7,18.52,0,2,4,1,-2.4,5,48.3,5.79,capsule
NEW-0487,496.84,0.37,94.18,4,6,12,0,-1.51,25,21.77,6.97,capsule
NEW-0488,493.34,2.76,125.52,2,3,3,3,-1.19,50,12.44,5.93,capsule
NEW-0489,627.57,-0.72,50.33,1,3,8,1,-5.2,5,39.08,8.46,capsule
NEW-0490,317.19,2.23,104.66,0,4,5,3,-4.5,5,14.72,6.95,tablet
NEW-0491,214.62,1.68,72.02,2,1,8,1,-1.58,100,26.64,4.32,tablet
NEW-0492,354.44,4.3,36.76,3,6,5,4,-5.82,25,36.3,6.52,tablet
NEW-0493,289.25,0.13,109.93,4,3,7,1,-2.02,10,56.9,5.67,tablet
NEW-0494,351.75,-0.98,134.01,1,5,3,1,-5.74,25,4.87,6.61,suspension
NEW-0495,264.48,1.74,47.2,1,6,7,0,-1.8,200,57.7,7.51,capsule
NEW-0496,442.47,3.64,82.55,0,1,4,2,-3.32,200,18.52,4.23,suspension
NEW-0497,436.43,4.43,24.61,1,4,8,3,-3.25,100,21.72,5.16,tablet
NEW-0498,377.04,0.86,73.53,5,5,2,3,-2.93,400,21.74,6.01,tablet
NEW-0499,414.27,3.35,92.01,3,3,4,2,-4.89,200,4.79,7.11,capsule
NEW-0500,364.37,0.5,136.35,4,2,4,1,-1.5,100,25.9,8.22,capsule
